Date,Particulars / Narration,Debit Amount,Closing Balance
2023-01-01,Swiggy Food,1583.162223202873,120000.0
2023-01-02,Electricity Bill,380.9248009620367,119766.48351648351
2023-01-03,Zomato Dine,1868.1259333478083,119532.96703296703
2023-01-04,Swiggy Food,406.2356385792089,119299.45054945054
2023-01-05,ATM Cash Withdrawal,590.4523633771266,119065.93406593407
2023-01-06,Zomato Dine,2058.536327498686,118832.41758241758
2023-01-07,Zomato Dine,1573.160721454152,118598.9010989011
2023-01-08,Swiggy Food,2837.9341161951015,118365.38461538461
2023-01-09,Supermarket Grocery,1607.7199322546437,118131.86813186813
2023-01-10,ATM Cash Withdrawal,1260.0664583808862,117898.35164835164
2023-01-11,Swiggy Food,147.53559217261574,117664.83516483517
2023-01-12,ATM Cash Withdrawal,687.6244608105301,117431.31868131868
2023-01-13,ATM Cash Withdrawal,462.24022178824674,117197.8021978022
2023-01-14,Zomato Dine,419.5503054936319,116964.28571428571
2023-01-15,Electricity Bill,5418.464109244389,116730.76923076923
2023-01-16,ATM Cash Withdrawal,749.0812455600357,116497.25274725274
2023-01-17,Luxury Jewelry Store,3339.0828168727844,116263.73626373627
2023-01-18,Zomato Dine,1496.0015786047247,116030.21978021978
2023-01-19,Supermarket Grocery,2375.7378790325997,115796.7032967033
2023-01-20,Electricity Bill,1047.6529865831556,115563.18681318681
2023-01-21,Luxury Jewelry Store,1290.2338539623775,115329.67032967033
2023-01-22,Luxury Jewelry Store,1017.4401500125401,115096.15384615384
2023-01-23,Supermarket Grocery,325.8223429878577,114862.63736263737
2023-01-24,Electricity Bill,1922.6427045987057,114629.12087912088
2023-01-25,Zomato Dine,494.3660525493944,114395.6043956044
2023-01-26,Amazon Retail,36.92472162103292,114162.08791208791
2023-01-27,Electricity Bill,1555.4531794429108,113928.57142857143
2023-01-28,Supermarket Grocery,292.40035533723403,113695.05494505494
2023-01-29,Luxury Jewelry Store,4231.624720909955,113461.53846153847
2023-01-30,Zomato Dine,4616.343619182035,113228.02197802198
2023-01-31,Electricity Bill,3695.264826950762,112994.50549450549
2023-02-01,Amazon Retail,693.4310947460501,112760.98901098901
2023-02-02,Amazon Retail,23.365973057916573,112527.47252747254
2023-02-03,ATM Cash Withdrawal,3953.2851859978346,112293.95604395604
2023-02-04,ATM Cash Withdrawal,838.407415579592,112060.43956043955
2023-02-05,Swiggy Food,5101.263024183084,111826.92307692308
2023-02-06,Supermarket Grocery,4970.603214195308,111593.4065934066
2023-02-07,Electricity Bill,2876.0805257691286,111359.89010989011
2023-02-08,Electricity Bill,523.1641022582404,111126.37362637362
2023-02-09,Swiggy Food,729.4378981480404,110892.85714285714
2023-02-10,Luxury Jewelry Store,2857.0899787171197,110659.34065934065
2023-02-11,Luxury Jewelry Store,571.7193471460756,110425.82417582418
2023-02-12,Swiggy Food,278.5779244436322,110192.30769230769
2023-02-13,Luxury Jewelry Store,1220.6054880903416,109958.79120879121
2023-02-14,ATM Cash Withdrawal,4126.940206210563,109725.27472527472
2023-02-15,Electricity Bill,88000.0,109491.75824175825
2023-02-16,Swiggy Food,1266.1685046534833,109258.24175824175
2023-02-17,Electricity Bill,153.34229602398432,109024.72527472528
2023-02-18,Amazon Retail,1431.7960732765766,108791.20879120879
2023-02-19,ATM Cash Withdrawal,6915.854621769476,108557.69230769231
2023-02-20,Zomato Dine,226.38087996339624,108324.17582417582
2023-02-21,ATM Cash Withdrawal,1095.7429874722557,108090.65934065935
2023-02-22,Swiggy Food,3147.9129568511917,107857.14285714286
2023-02-23,Zomato Dine,2025.051372530505,107623.62637362638
2023-02-24,Amazon Retail,1791.1116379525097,107390.10989010989
2023-02-25,Swiggy Food,1818.4313343367348,107156.59340659341
2023-02-26,Supermarket Grocery,668.2385134724236,106923.07692307692
2023-02-27,Electricity Bill,521.3431264006427,106689.56043956045
2023-02-28,Amazon Retail,2486.0617608895686,106456.04395604396
2023-03-01,Electricity Bill,2491.9922986305432,106222.52747252748
2023-03-02,Luxury Jewelry Store,3026.9250710518722,105989.01098901099
2023-03-03,Supermarket Grocery,3666.9239427549546,105755.49450549451
2023-03-04,Supermarket Grocery,1074.1398553993556,105521.97802197802
2023-03-05,Amazon Retail,1044.2765663267987,105288.46153846153
2023-03-06,Supermarket Grocery,2401.424898462731,105054.94505494506
2023-03-07,Zomato Dine,1574.5786123317005,104821.42857142858
2023-03-08,Supermarket Grocery,1815.8259727672755,104587.91208791209
2023-03-09,Electricity Bill,2382.9292124313074,104354.3956043956
2023-03-10,Electricity Bill,3310.9852145201507,104120.87912087912
2023-03-11,Swiggy Food,618.7236107064813,103887.36263736263
2023-03-12,Electricity Bill,706.4051830913345,103653.84615384616
2023-03-13,Swiggy Food,148.04405878104083,103420.32967032967
2023-03-14,Electricity Bill,1295.121039914152,103186.81318681319
2023-03-15,Zomato Dine,54.9061563162855,102953.2967032967
2023-03-16,Swiggy Food,939.9104222731644,102719.78021978022
2023-03-17,ATM Cash Withdrawal,1173.4418785306889,102486.26373626373
2023-03-18,Luxury Jewelry Store,506.4459904717837,102252.74725274726
2023-03-19,Amazon Retail,1340.4487952192628,102019.23076923077
2023-03-20,Electricity Bill,46.46259315221182,101785.71428571429
2023-03-21,Supermarket Grocery,57.09524892418408,101552.1978021978
2023-03-22,Electricity Bill,2594.027054307204,101318.68131868132
2023-03-23,Supermarket Grocery,669.8775363116171,101085.16483516483
2023-03-24,Luxury Jewelry Store,203.83356194614197,100851.64835164836
2023-03-25,Luxury Jewelry Store,1107.9803824185235,100618.13186813187
2023-03-26,Luxury Jewelry Store,2204.471910668603,100384.61538461539
2023-03-27,Supermarket Grocery,364.67700514485506,100151.0989010989
2023-03-28,Electricity Bill,1462.8294279847394,99917.58241758242
2023-03-29,Luxury Jewelry Store,133.81654348484594,99684.06593406593
2023-03-30,Zomato Dine,79.59764386546411,99450.54945054944
2023-03-31,Swiggy Food,1136.8634109382815,99217.03296703297
2023-04-01,Supermarket Grocery,1166.8656640421134,98983.51648351649
2023-04-02,Supermarket Grocery,1521.8061723069238,98750.0
2023-04-03,Electricity Bill,1942.4408443750265,98516.48351648351
2023-04-04,Supermarket Grocery,5585.3355130499895,98282.96703296703
2023-04-05,Supermarket Grocery,1089.4366788455345,98049.45054945056
2023-04-06,Luxury Jewelry Store,585.0295711589682,97815.93406593407
2023-04-07,Electricity Bill,2378.4809695990293,97582.41758241758
2023-04-08,Luxury Jewelry Store,473.77719815420596,97348.9010989011
2023-04-09,Swiggy Food,866.975146909952,97115.38461538462
2023-04-10,Swiggy Food,122.55775287550485,96881.86813186813
2023-04-11,Luxury Jewelry Store,38.51641431221157,96648.35164835164
2023-04-12,Swiggy Food,4931.069884902903,96414.83516483517
2023-04-13,Electricity Bill,2711.651463172594,96181.31868131869
2023-04-14,Amazon Retail,1785.9640991990125,95947.8021978022
2023-04-15,Luxury Jewelry Store,788.7894666977128,95714.28571428571
2023-04-16,Zomato Dine,285.4598042131631,95480.76923076923
2023-04-17,Zomato Dine,255.18111235928123,95247.25274725274
2023-04-18,Supermarket Grocery,432.0089836898754,95013.73626373627
2023-04-19,Swiggy Food,1195.1859724699718,94780.21978021978
2023-04-20,Zomato Dine,1880.7739316651637,94546.7032967033
2023-04-21,Supermarket Grocery,1619.0855245451978,94313.18681318681
2023-04-22,Amazon Retail,492.6183920834939,94079.67032967033
2023-04-23,Electricity Bill,4647.15524783446,93846.15384615384
2023-04-24,Electricity Bill,2008.5261073128395,93612.63736263737
2023-04-25,Electricity Bill,1212.345722896997,93379.12087912088
2023-04-26,Zomato Dine,1419.0457080561525,93145.6043956044
2023-04-27,Amazon Retail,816.0567982980771,92912.08791208791
2023-04-28,Zomato Dine,426.99193841109525,92678.57142857143
2023-04-29,Swiggy Food,660.0211939846686,92445.05494505494
2023-04-30,Zomato Dine,2127.2727716350696,92211.53846153847
2023-05-01,Amazon Retail,95000.0,91978.02197802198
2023-05-02,Amazon Retail,185.07058835996406,91744.50549450549
2023-05-03,Swiggy Food,70.6415654287808,91510.98901098901
2023-05-04,Amazon Retail,62.37217787593864,91277.47252747254
2023-05-05,Amazon Retail,2901.304550423488,91043.95604395604
2023-05-06,Electricity Bill,1824.3609175510326,90810.43956043955
2023-05-07,Swiggy Food,964.1768916193386,90576.92307692308
2023-05-08,ATM Cash Withdrawal,154.4353776717199,90343.4065934066
2023-05-09,ATM Cash Withdrawal,1014.7769486958498,90109.89010989011
2023-05-10,Amazon Retail,962.1754981415568,89876.37362637362
2023-05-11,ATM Cash Withdrawal,285.2920692003375,89642.85714285714
2023-05-12,ATM Cash Withdrawal,853.3486969534857,89409.34065934067
2023-05-13,Amazon Retail,762.5049218748103,89175.82417582418
2023-05-14,ATM Cash Withdrawal,1435.0836493697018,88942.30769230769
2023-05-15,Zomato Dine,1512.171804061368,88708.79120879121
2023-05-16,Supermarket Grocery,69.5434860308021,88475.27472527474
2023-05-17,Swiggy Food,704.0760069825923,88241.75824175825
2023-05-18,Supermarket Grocery,1474.6874921740928,88008.24175824175
2023-05-19,Amazon Retail,1049.1591789116846,87774.72527472528
2023-05-20,Electricity Bill,2912.024179763158,87541.20879120879
2023-05-21,Swiggy Food,1612.4621460824967,87307.69230769231
2023-05-22,Amazon Retail,266.77930315096097,87074.17582417582
2023-05-23,Electricity Bill,109.77365438436125,86840.65934065935
2023-05-24,Supermarket Grocery,1542.5912206633366,86607.14285714287
2023-05-25,Amazon Retail,40.303609001091644,86373.62637362638
2023-05-26,Swiggy Food,1322.021066710936,86140.10989010989
2023-05-27,Swiggy Food,4225.883183080728,85906.5934065934
2023-05-28,Luxury Jewelry Store,1285.1736683663166,85673.07692307692
2023-05-29,Zomato Dine,736.9510383358609,85439.56043956045
2023-05-30,ATM Cash Withdrawal,1546.2407367674728,85206.04395604396
2023-05-31,Electricity Bill,919.4339610766369,84972.52747252746
2023-06-01,Luxury Jewelry Store,1183.2215408644802,84739.01098901099
2023-06-02,ATM Cash Withdrawal,4257.190719349499,84505.49450549451
2023-06-03,ATM Cash Withdrawal,731.8912910252807,84271.97802197802
2023-06-04,Amazon Retail,4873.6377922601305,84038.46153846153
2023-06-05,ATM Cash Withdrawal,3536.364275654879,83804.94505494506
2023-06-06,Zomato Dine,326.84439141067503,83571.42857142858
2023-06-07,Swiggy Food,107.82623295473553,83337.91208791209
2023-06-08,Luxury Jewelry Store,159.3380032224453,83104.3956043956
2023-06-09,ATM Cash Withdrawal,27.584831770850556,82870.87912087912
2023-06-10,Amazon Retail,148.80751748363122,82637.36263736265
2023-06-11,Zomato Dine,1723.3123088657508,82403.84615384616
2023-06-12,Supermarket Grocery,110.77444041964053,82170.32967032967
2023-06-13,Swiggy Food,576.2357824423027,81936.81318681319
2023-06-14,Swiggy Food,2795.2890601459158,81703.29670329671
2023-06-15,Luxury Jewelry Store,35.32050477106726,81469.78021978022
2023-06-16,Swiggy Food,2526.795759278938,81236.26373626373
2023-06-17,ATM Cash Withdrawal,496.6252002594442,81002.74725274726
2023-06-18,Amazon Retail,188.62517974366145,80769.23076923078
2023-06-19,Swiggy Food,1789.7331126598701,80535.71428571429
2023-06-20,Swiggy Food,1487.0987646498304,80302.1978021978
2023-06-21,Supermarket Grocery,3149.12372113042,80068.68131868132
2023-06-22,Supermarket Grocery,1992.4403681466006,79835.16483516485
2023-06-23,Electricity Bill,2440.493708990967,79601.64835164836
2023-06-24,Zomato Dine,497.00079346010784,79368.13186813187
2023-06-25,ATM Cash Withdrawal,292.99994406067043,79134.61538461539
2023-06-26,Swiggy Food,2083.1345940081374,78901.0989010989
2023-06-27,Swiggy Food,2466.3137748651293,78667.58241758242
2023-06-28,Amazon Retail,6985.507335210345,78434.06593406593
2023-06-29,Electricity Bill,798.1190312289075,78200.54945054944
2023-06-30,Zomato Dine,697.865867942599,77967.03296703297
2023-07-01,Electricity Bill,2246.9317550153805,77733.51648351649
2023-07-02,Luxury Jewelry Store,625.1005063961297,77500.0
2023-07-03,Zomato Dine,4005.2068865989895,77266.48351648351
2023-07-04,Swiggy Food,2932.2587357493735,77032.96703296703
2023-07-05,Swiggy Food,840.5334141632395,76799.45054945056
2023-07-06,Zomato Dine,2084.6770747431915,76565.93406593407
2023-07-07,Swiggy Food,2106.9494802825257,76332.41758241758
2023-07-08,ATM Cash Withdrawal,163.25627821007703,76098.9010989011
2023-07-09,Zomato Dine,3492.668521301448,75865.38461538462
2023-07-10,Electricity Bill,1055.5612346351315,75631.86813186813
2023-07-11,Zomato Dine,2626.998836284995,75398.35164835164
2023-07-12,Swiggy Food,578.6031392467625,75164.83516483517
2023-07-13,ATM Cash Withdrawal,3388.1857718188894,74931.31868131869
2023-07-14,ATM Cash Withdrawal,739.4826810902568,74697.8021978022
2023-07-15,Luxury Jewelry Store,16.345209922763217,74464.28571428571
2023-07-16,Electricity Bill,3536.8609454436805,74230.76923076923
2023-07-17,Supermarket Grocery,143.58841582271288,73997.25274725276
2023-07-18,Supermarket Grocery,576.9804500775583,73763.73626373627
2023-07-19,Zomato Dine,4495.4585747824285,73530.21978021978
2023-07-20,Luxury Jewelry Store,4511.924310155984,73296.7032967033
2023-07-21,Amazon Retail,1277.9959365828956,73063.18681318683
2023-07-22,Zomato Dine,1498.8451205857868,72829.67032967033
2023-07-23,Luxury Jewelry Store,892.5219954342864,72596.15384615384
2023-07-24,Electricity Bill,520.5341681192955,72362.63736263737
2023-07-25,Electricity Bill,597.7295018255846,72129.12087912089
2023-07-26,Electricity Bill,1674.4853698927595,71895.6043956044
2023-07-27,Electricity Bill,2093.756810494616,71662.08791208791
2023-07-28,Electricity Bill,2352.293124331723,71428.57142857143
2023-07-29,Luxury Jewelry Store,2338.2465477731125,71195.05494505494
2023-07-30,Luxury Jewelry Store,143.45541981047916,70961.53846153847
2023-07-31,ATM Cash Withdrawal,1023.074394860034,70728.02197802198
2023-08-01,Supermarket Grocery,88.92255967310669,70494.50549450549
2023-08-02,Swiggy Food,1196.1919735430893,70260.98901098901
2023-08-03,Electricity Bill,873.8329124809253,70027.47252747254
2023-08-04,Amazon Retail,3279.927996331202,69793.95604395604
2023-08-05,Swiggy Food,648.2874292018276,69560.43956043955
2023-08-06,Luxury Jewelry Store,186.7589663286763,69326.92307692308
2023-08-07,Amazon Retail,231.46148181317903,69093.4065934066
2023-08-08,Amazon Retail,2150.1458206186408,68859.89010989011
2023-08-09,Amazon Retail,1444.3585196220524,68626.37362637362
2023-08-10,ATM Cash Withdrawal,159.91306836807817,68392.85714285714
2023-08-11,Luxury Jewelry Store,131.7832825029076,68159.34065934067
2023-08-12,Amazon Retail,1810.8127074796496,67925.82417582418
2023-08-13,Electricity Bill,113.31913428869571,67692.30769230769
2023-08-14,Zomato Dine,2587.778780712872,67458.79120879121
2023-08-15,Amazon Retail,1837.4996296950076,67225.27472527474
2023-08-16,ATM Cash Withdrawal,127.27312587046809,66991.75824175825
2023-08-17,Swiggy Food,132.98080166671005,66758.24175824175
2023-08-18,Luxury Jewelry Store,6473.187843087138,66524.72527472528
2023-08-19,ATM Cash Withdrawal,703.2563738284343,66291.2087912088
2023-08-20,Amazon Retail,694.5828907129687,66057.69230769231
2023-08-21,Luxury Jewelry Store,2513.3631049240157,65824.17582417582
2023-08-22,Zomato Dine,4413.246806944866,65590.65934065935
2023-08-23,Amazon Retail,6403.160909402976,65357.14285714286
2023-08-24,ATM Cash Withdrawal,2099.8488451745125,65123.62637362638
2023-08-25,Supermarket Grocery,708.0314994286884,64890.109890109896
2023-08-26,Electricity Bill,130.7909905469359,64656.59340659341
2023-08-27,Swiggy Food,2251.8638106819385,64423.07692307693
2023-08-28,ATM Cash Withdrawal,1226.0406113422396,64189.560439560446
2023-08-29,Luxury Jewelry Store,828.0496879574606,63956.043956043955
2023-08-30,Amazon Retail,3552.3565132171357,63722.52747252747
2023-08-31,Electricity Bill,176.82031195782037,63489.01098901099
2023-09-01,Amazon Retail,1017.7576640594314,63255.494505494506
2023-09-02,Luxury Jewelry Store,17.1278841488125,63021.97802197802
2023-09-03,Amazon Retail,948.5315543743893,62788.46153846154
2023-09-04,Supermarket Grocery,86.92564659888866,62554.945054945056
2023-09-05,Electricity Bill,189.73649389675683,62321.42857142857
2023-09-06,Electricity Bill,187.53934801118442,62087.91208791209
2023-09-07,Luxury Jewelry Store,1571.3525796104573,61854.395604395606
2023-09-08,Swiggy Food,115000.0,61620.87912087912
2023-09-09,Supermarket Grocery,1313.3306658043027,61387.36263736264
2023-09-10,ATM Cash Withdrawal,4912.080313653566,61153.846153846156
2023-09-11,Amazon Retail,704.6948668804008,60920.32967032967
2023-09-12,Zomato Dine,504.7037361308381,60686.81318681319
2023-09-13,Amazon Retail,3044.2538072553443,60453.296703296706
2023-09-14,Amazon Retail,379.6231015977801,60219.78021978022
2023-09-15,ATM Cash Withdrawal,4954.305159377866,59986.26373626374
2023-09-16,Amazon Retail,18.343416538453962,59752.74725274726
2023-09-17,Supermarket Grocery,5253.7903843192225,59519.23076923077
2023-09-18,Supermarket Grocery,66.17849792775284,59285.71428571429
2023-09-19,Electricity Bill,3326.581843740013,59052.19780219781
2023-09-20,Luxury Jewelry Store,1125.2148755240855,58818.68131868132
2023-09-21,Swiggy Food,7435.2429118890495,58585.16483516484
2023-09-22,Zomato Dine,114.99206393168241,58351.64835164836
2023-09-23,Amazon Retail,1210.6644956000232,58118.13186813187
2023-09-24,Amazon Retail,5225.362831884007,57884.61538461539
2023-09-25,ATM Cash Withdrawal,1110.665899771566,57651.09890109891
2023-09-26,Luxury Jewelry Store,1488.942435571781,57417.582417582424
2023-09-27,Supermarket Grocery,1784.8518571751613,57184.06593406594
2023-09-28,Zomato Dine,909.1916335154264,56950.54945054946
2023-09-29,Electricity Bill,1481.5112595120331,56717.032967032974
2023-09-30,Supermarket Grocery,1316.7387927086334,56483.51648351649
2023-10-01,Luxury Jewelry Store,3471.3491542239713,56250.0
2023-10-02,Swiggy Food,69.76719261522146,56016.48351648352
2023-10-03,Electricity Bill,494.7640888481377,55782.96703296703
2023-10-04,Swiggy Food,4505.9940087913965,55549.45054945055
2023-10-05,ATM Cash Withdrawal,3314.513742680229,55315.93406593407
2023-10-06,ATM Cash Withdrawal,912.26289293943,55082.41758241758
2023-10-07,Amazon Retail,1451.8995431084659,54848.9010989011
2023-10-08,Swiggy Food,487.3101298426952,54615.38461538462
2023-10-09,Luxury Jewelry Store,312.6062421540967,54381.868131868134
2023-10-10,Zomato Dine,934.5878982061481,54148.35164835166
2023-10-11,Electricity Bill,653.9303019251,53914.83516483517
2023-10-12,Supermarket Grocery,1314.3655590099645,53681.31868131869
2023-10-13,Luxury Jewelry Store,121.38342664977719,53447.8021978022
2023-10-14,Luxury Jewelry Store,5497.440183783851,53214.285714285725
2023-10-15,ATM Cash Withdrawal,6425.798363328808,52980.769230769234
2023-10-16,Swiggy Food,1796.7958228691841,52747.25274725276
2023-10-17,Amazon Retail,1152.117651618135,52513.73626373627
2023-10-18,Amazon Retail,555.56895233154,52280.21978021978
2023-10-19,Electricity Bill,2521.360751231995,52046.7032967033
2023-10-20,ATM Cash Withdrawal,1731.4943754732235,51813.18681318681
2023-10-21,Luxury Jewelry Store,266.21048115073256,51579.670329670334
2023-10-22,Zomato Dine,3627.4516379986912,51346.153846153844
2023-10-23,ATM Cash Withdrawal,2593.491767050907,51112.63736263737
2023-10-24,Electricity Bill,4487.607787550154,50879.12087912088
2023-10-25,Electricity Bill,1940.4060062942015,50645.6043956044
2023-10-26,ATM Cash Withdrawal,1425.6060293870592,50412.08791208791
2023-10-27,Electricity Bill,812.55375988967,50178.571428571435
2023-10-28,ATM Cash Withdrawal,4048.527542320677,49945.054945054944
2023-10-29,Supermarket Grocery,3015.5885700703802,49711.53846153847
2023-10-30,ATM Cash Withdrawal,69.40940797968418,49478.02197802198
2023-10-31,Swiggy Food,40.08122529976705,49244.5054945055
2023-11-01,ATM Cash Withdrawal,708.5216423748943,49010.98901098901
2023-11-02,Electricity Bill,2495.4715844941293,48777.472527472535
2023-11-03,Swiggy Food,6546.413202330252,48543.956043956045
2023-11-04,Electricity Bill,244.5142649017195,48310.43956043957
2023-11-05,Amazon Retail,1352.5861953236035,48076.92307692308
2023-11-06,Amazon Retail,719.2105496371441,47843.4065934066
2023-11-07,Swiggy Food,5255.562831563944,47609.89010989011
2023-11-08,Supermarket Grocery,2768.869811150452,47376.373626373635
2023-11-09,Amazon Retail,2733.285069704786,47142.857142857145
2023-11-10,ATM Cash Withdrawal,948.6233567096604,46909.34065934067
2023-11-11,Electricity Bill,803.7524044910235,46675.82417582418
2023-11-12,Amazon Retail,479.08333822509184,46442.3076923077
2023-11-13,Amazon Retail,87.04044576725433,46208.79120879121
2023-11-14,Supermarket Grocery,3000.6392100049657,45975.274725274736
2023-11-15,Swiggy Food,2514.1761588748845,45741.758241758245
2023-11-16,Swiggy Food,12258.668396727124,45508.24175824177
2023-11-17,Luxury Jewelry Store,8542.3101011165,45274.72527472528
2023-11-18,Supermarket Grocery,1215.977388962091,45041.20879120879
2023-11-19,ATM Cash Withdrawal,2197.9246353093913,44807.69230769231
2023-11-20,Swiggy Food,4344.2575243116535,44574.17582417582
2023-11-21,Electricity Bill,2842.1580220638684,44340.659340659346
2023-11-22,Supermarket Grocery,426.2286668717198,44107.142857142855
2023-11-23,Amazon Retail,898.2402410997968,43873.62637362638
2023-11-24,Electricity Bill,207.444516469633,43640.10989010989
2023-11-25,Electricity Bill,4620.335679662563,43406.59340659341
2023-11-26,Amazon Retail,1397.7715538829273,43173.07692307692
2023-11-27,Supermarket Grocery,389.40558812772554,42939.560439560446
2023-11-28,Amazon Retail,1670.7443087598754,42706.043956043955
2023-11-29,Luxury Jewelry Store,1444.0056521146075,42472.52747252748
2023-11-30,Electricity Bill,665.1306934456591,42239.01098901099
2023-12-01,Zomato Dine,180.8086820977039,42005.49450549451
2023-12-02,Zomato Dine,1670.1619252786531,41771.97802197802
2023-12-03,ATM Cash Withdrawal,1101.9156362790566,41538.461538461546
2023-12-04,Swiggy Food,2219.7106214407727,41304.945054945056
2023-12-05,Amazon Retail,1101.4647906352727,41071.42857142858
2023-12-06,Amazon Retail,2867.655166962726,40837.91208791209
2023-12-07,ATM Cash Withdrawal,1204.1311785322314,40604.39560439561
2023-12-08,ATM Cash Withdrawal,1234.6718714702206,40370.87912087912
2023-12-09,ATM Cash Withdrawal,3139.1379648446573,40137.36263736265
2023-12-10,Electricity Bill,774.9709709821756,39903.846153846156
2023-12-11,Luxury Jewelry Store,215.8319330854484,39670.32967032968
2023-12-12,Amazon Retail,43.80753214814202,39436.81318681319
2023-12-13,Electricity Bill,2110.5861789938785,39203.29670329671
2023-12-14,ATM Cash Withdrawal,1452.5984505910194,38969.78021978022
2023-12-15,Amazon Retail,1826.4980216968147,38736.26373626375
2023-12-16,Electricity Bill,359.2222402401652,38502.74725274726
2023-12-17,Luxury Jewelry Store,219.91882684241799,38269.23076923078
2023-12-18,Electricity Bill,21.977214398503172,38035.71428571429
2023-12-19,Luxury Jewelry Store,647.5308922726039,37802.1978021978
2023-12-20,ATM Cash Withdrawal,1337.096063497417,37568.68131868132
2023-12-21,Luxury Jewelry Store,746.972801341726,37335.16483516483
2023-12-22,Amazon Retail,862.9793442426468,37101.64835164836
2023-12-23,ATM Cash Withdrawal,3517.592284472162,36868.131868131866
2023-12-24,Amazon Retail,642.1539216376676,36634.61538461539
2023-12-25,Zomato Dine,1082.2875421084816,36401.0989010989
2023-12-26,Supermarket Grocery,2296.3076065795526,36167.582417582424
2023-12-27,Luxury Jewelry Store,757.6201969487696,35934.06593406593
2023-12-28,Supermarket Grocery,1459.635713029628,35700.54945054946
2023-12-29,Supermarket Grocery,2974.71096552646,35467.03296703297
2023-12-30,Luxury Jewelry Store,4479.285623062002,35233.51648351649
2023-12-31,ATM Cash Withdrawal,238.62281897225395,35000.0
